{"cameraMode":{"drawMode":0,"name":"Shaded","section":"Shading Mode"},"sceneLighting":true,"audioPlay":false,"sceneViewState":{"m_AlwaysRefresh":true,"showFog":true,"showSkybox":true,"showFlares":true,"showImageEffects":true,"showParticleSystems":true,"showVisualEffectGraphs":true,"m_FxEnabled":true},"in2DMode":false,"pivot":{"x":-6.278019428253174,"y":-0.39498013257980349,"z":2.0788843631744386},"rotation":{"x":0.04195341467857361,"y":0.04045378044247627,"z":-0.0016997919883579016,"w":0.9983038306236267},"size":0.8660253882408142,"orthographic":true}