{"cameraMode":{"drawMode":0,"name":"Shaded","section":"Shading Mode"},"sceneLighting":true,"audioPlay":false,"sceneViewState":{"m_AlwaysRefresh":true,"showFog":true,"showSkybox":true,"showFlares":true,"showImageEffects":true,"showParticleSystems":true,"showVisualEffectGraphs":true,"m_FxEnabled":true},"in2DMode":false,"pivot":{"x":-6.278019428253174,"y":-0.39498013257980349,"z":2.0788843631744386},"rotation":{"x":0.04745354503393173,"y":0.14778602123260499,"z":-0.00710105337202549,"w":0.9878638386726379},"size":0.8660253882408142,"orthographic":true}